game_id,K,human_mean,human_ci_lower,human_ci_upper,model_mean,model_ci_lower,model_ci_upper
10.0*10.0*2 pieces in a row wins.,2,0.90808776,0.79158,0.983922,0.9705833333333335,0.925,1.0
10.0*10.0*3 pieces in a row wins.,3,0.6278764800000002,0.4463150000000001,0.8038149999999998,0.5696500000000001,0.41666666666666663,0.7083333333333333
10.0*10.0*4 pieces in a row wins.,4,0.12284823999999997,0.041908000000000015,0.20119099999999998,0.08014999999999993,-0.0833333333333334,0.24187499999999976
10.0*10.0*5 pieces in a row wins.,5,0.16205129999999998,0.0642775,0.26368249999999993,0.06800833333333327,-0.0833333333333334,0.20833333333333331
10.0*10.0*6 pieces in a row wins.,6,0.010964860000000019,-0.021049249999999978,0.05269100000000005,-0.0047333333333333324,-0.033333333333333326,0.01666666666666667
10.0*10.0*7 pieces in a row wins.,7,0.06953187,0.026584000000000003,0.11754024999999994,0.0,0.0,0.0
10.0*10.0*8 pieces in a row wins.,8,0.04723521000000001,0.004458249999999991,0.10048024999999998,0.0,0.0,0.0
10.0*10.0*9 pieces in a row wins.,9,0.04889503999999998,0.008146749999999979,0.1052322499999999,0.0,0.0,0.0
10.0*10.0*10 pieces in a row wins.,10,0.038228179999999994,0.01641550000000001,0.0625315,0.0,0.0,0.0
