{"1.0*10.0*3 pieces in a row wins.": {"1.0": [[{"ours": 1.6653345369377348e-16, "expert": 1.0, "random": -2.220446049250313e-16}, 0.37213205182440356]]}, "10.0*10.0*3 pieces in a row wins.": {"1.0": [[{"ours": 0.3333333333333333, "expert": 0.3333333333333333, "random": 0.33333333333333337}, NaN]]}, "10.0*10.0*4 pieces in a row wins.": {"1.0": [[{"ours": 0.0, "expert": 1.0, "random": 0.0}, 0.7194687762545889]]}, "10.0*10.0*5 pieces in a row wins.": {"1.0": [[{"ours": 0.0, "expert": 0.9999999999999952, "random": 4.773959005888173e-15}, 0.7640782358000191]]}, "10.0*10.0*Each player needs 5 pieces in a row to win. The first player can only win by making a diagonal row, but the second player does not have this restriction.": {"1.0": [[{"ours": 0.3333333333333333, "expert": 0.3333333333333333, "random": 0.33333333333333337}, NaN]]}, "10.0*10.0*Each player needs 5 pieces in a row to win. The first player cannot win by making a diagonal row (only horizontal and vertical rows count), but the second player does not have this restriction.": {"1.0": [[{"ours": 3.885780586188048e-16, "expert": 0.9999999999999999, "random": -2.220446049250313e-16}, 0.7915116618051258]]}, "2.0*5.0*3 pieces in a row wins.": {"1.0": [[{"ours": 0.3333333333333333, "expert": 0.3333333333333333, "random": 0.33333333333333337}, NaN]]}, "3.0*10.0*3 pieces in a row wins.": {"1.0": [[{"ours": 0.0, "expert": 0.9999999999999971, "random": 2.886579864025407e-15}, 0.6529550950463904]]}, "3.0*3.0*3 pieces in a row loses.": {"1.0": [[{"ours": 0.0, "expert": 0.9999999999999977, "random": 2.3314683517128287e-15}, 0.7275600069675744]]}, "3.0*3.0*3 pieces in a row wins.": {"1.0": [[{"ours": 7.771561172376096e-16, "expert": 1.0, "random": -8.881784197001252e-16}, 0.30220434891586784]]}, "3.0*3.0*3 pieces in a row wins. The first player can place 2 pieces as their first move, while the second player can only place 1 piece as their first move.": {"1.0": [[{"ours": 0.3333333333333333, "expert": 0.3333333333333333, "random": 0.33333333333333337}, NaN]]}, "3.0*3.0*3 pieces in a row wins. The second player can place 2 pieces as their first move, while the first player can only place 1 piece as their first move.": {"1.0": [[{"ours": 0.3333333333333333, "expert": 0.3333333333333333, "random": 0.33333333333333337}, NaN]]}, "3.0*3.0*The first player needs 3 pieces in a row to win, but the second player only needs 2 pieces in a row to win.": {"1.0": [[{"ours": 0.3333333333333333, "expert": 0.3333333333333333, "random": 0.33333333333333337}, NaN]]}, "4.0*4.0*3 pieces in a row loses.": {"1.0": [[{"ours": 0.0, "expert": 0.9999999999999987, "random": 1.3322676295501878e-15}, 0.7261902922406026]]}, "4.0*4.0*3 pieces in a row wins. However, a player can only win by making a diagonal row. Horizontal and vertical rows do not count.": {"1.0": [[{"ours": 0.3333333333333333, "expert": 0.3333333333333333, "random": 0.33333333333333337}, NaN]]}, "4.0*4.0*3 pieces in a row wins. However, a player cannot win by making a diagonal row. Only horizontal and vertical rows count.": {"1.0": [[{"ours": 0.0, "expert": 0.9999999999999966, "random": 3.4416913763379853e-15}, 0.5832844851346403]]}, "4.0*6.0*4 pieces in a row wins.": {"1.0": [[{"ours": 0.3333333333333333, "expert": 0.3333333333333333, "random": 0.33333333333333337}, NaN]]}, "4.0*6.0*5 pieces in a row wins.": {"1.0": [[{"ours": 0.3333333333333333, "expert": 0.3333333333333333, "random": 0.33333333333333337}, NaN]]}, "4.0*9.0*4 pieces in a row wins.": {"1.0": [[{"ours": 0.0, "expert": 0.9999999999999964, "random": 3.552713678800501e-15}, 0.7243364288549087]]}, "5.0*10.0*4 pieces in a row wins.": {"1.0": [[{"ours": 0.3333333333333333, "expert": 0.3333333333333333, "random": 0.33333333333333337}, NaN]]}, "5.0*10.0*5 pieces in a row wins.": {"1.0": [[{"ours": 0.0, "expert": 0.9999999999999989, "random": 1.1102230246251565e-15}, 0.8068090694498872]]}, "5.0*5.0*2 pieces in a row wins.": {"1.0": [[{"ours": 0.3333333333333333, "expert": 0.3333333333333333, "random": 0.33333333333333337}, NaN]]}, "5.0*5.0*3 pieces in a row loses.": {"1.0": [[{"ours": 0.3333333333333333, "expert": 0.3333333333333333, "random": 0.33333333333333337}, NaN]]}, "5.0*5.0*3 pieces in a row wins.": {"1.0": [[{"ours": 0.0, "expert": 0.9999999999999976, "random": 2.4424906541753444e-15}, 0.5784508294707278]]}, "5.0*5.0*4 pieces in a row wins.": {"1.0": [[{"ours": 0.0, "expert": 0.9999999999999936, "random": 6.439293542825908e-15}, 0.5902163538771146]]}, "5.0*5.0*4 pieces in a row wins. However, a player can only win by making a diagonal row. Horizontal and vertical rows do not count.": {"1.0": [[{"ours": 0.3333333333333333, "expert": 0.3333333333333333, "random": 0.33333333333333337}, NaN]]}, "5.0*5.0*4 pieces in a row wins. However, a player cannot win by making a diagonal row. Only horizontal and vertical rows count.": {"1.0": [[{"ours": 0.3333333333333333, "expert": 0.3333333333333333, "random": 0.33333333333333337}, NaN]]}, "5.0*5.0*4 pieces in a row wins. The first player can place 2 pieces as their first move, while the second player can only place 1 piece as their first move.": {"1.0": [[{"ours": 0.0, "expert": 0.9999999999999979, "random": 2.1094237467877974e-15}, 0.4946844794118079]]}, "5.0*5.0*4 pieces in a row wins. The second player can place 2 pieces as their first move, while the first player can only place 1 piece as their first move.": {"1.0": [[{"ours": 1.3322676295501878e-15, "expert": 1.0, "random": -1.3322676295501878e-15}, 0.7666371534416073]]}, "5.0*5.0*Each player needs 3 pieces in a row to win. The first player can only win by making a diagonal row, but the second player does not have this restriction.": {"1.0": [[{"ours": 0.3333333333333333, "expert": 0.3333333333333333, "random": 0.33333333333333337}, NaN]]}, "5.0*5.0*Each player needs 3 pieces in a row to win. The first player cannot win by making a diagonal row (only horizontal and vertical rows count), but the second player does not have this restriction.": {"1.0": [[{"ours": 0.3333333333333333, "expert": 0.3333333333333333, "random": 0.33333333333333337}, NaN]]}, "5.0*5.0*The first player needs 4 pieces in a row to win, but the second player only needs 3 pieces in a row to win.": {"1.0": [[{"ours": 2.581268532253489e-15, "expert": 1.0, "random": -2.6645352591003757e-15}, 0.7079688504773555]]}, "7.0*7.0*4 pieces in a row loses.": {"1.0": [[{"ours": 0.3333333333333333, "expert": 0.3333333333333333, "random": 0.33333333333333337}, NaN]]}, "7.0*7.0*4 pieces in a row wins.": {"1.0": [[{"ours": 0.0, "expert": 0.999999999999999, "random": 9.992007221626409e-16}, 0.6139221793188665]]}, "7.0*7.0*4 pieces in a row wins. However, a player can only win by making a diagonal row. Horizontal and vertical rows do not count.": {"1.0": [[{"ours": 0.0, "expert": 0.9999999999999983, "random": 1.6653345369377348e-15}, 0.8052150588255329]]}, "7.0*7.0*4 pieces in a row wins. However, a player cannot win by making a diagonal row. Only horizontal and vertical rows count.": {"1.0": [[{"ours": 0.0, "expert": 0.999999999999994, "random": 5.995204332975845e-15}, 0.7827682802643813]]}, "7.0*7.0*4 pieces in a row wins. The first player can place 2 pieces as their first move, while the second player can only place 1 piece as their first move.": {"1.0": [[{"ours": 0.3333333333333333, "expert": 0.3333333333333333, "random": 0.33333333333333337}, NaN]]}, "7.0*7.0*4 pieces in a row wins. The second player can place 2 pieces as their first move, while the first player can only place 1 piece as their first move.": {"1.0": [[{"ours": 0.3333333333333333, "expert": 0.3333333333333333, "random": 0.33333333333333337}, NaN]]}, "7.0*7.0*Each player needs 4 pieces in a row to win. The first player can only win by making a diagonal row, but the second player does not have this restriction.": {"1.0": [[{"ours": 5.551115123125783e-16, "expert": 0.9999999999999973, "random": 2.1094237467877974e-15}, 0.7174108062326349]]},