{"1.0*10.0*3 pieces in a row wins.": {"0.5": [[{"ours": 0.241511272910501, "expert": 0.12577878013969263, "random": 0.6327099469498063}, -0.03315844503300351]], "1.0": [[{"ours": 0.2974228558499133, "expert": 0.12011012879843963, "random": 0.5824670153516471}, -0.031819978922693025]], "1.5": [[{"ours": 0.31587385325952805, "expert": 0.15931274266920878, "random": 0.5248134040712632}, -0.03185671607730918]], "2.0": [[{"ours": 0.32366267969770735, "expert": 0.19940547561169888, "random": 0.4769318446905938}, -0.03327418486151205]], "2.5": [[{"ours": 0.37460954931366686, "expert": 0.19419929621464985, "random": 0.4311911544716833}, -0.035023468231767864]], "3.0": [[{"ours": 0.49005013697831357, "expert": 0.13669960958184088, "random": 0.3732502534398455}, -0.036508703886396654]]}, "10.0*10.0*4 pieces in a row wins.": {"0.5": [[{"ours": 0.5934225160124881, "expert": 0.014018551739675462, "random": 0.39255893224783645}, -0.35495642291277063]], "1.0": [[{"ours": 0.7292669156643473, "expert": 0.0, "random": 0.2707330843356527}, -0.3227552938518661]], "1.5": [[{"ours": 0.8144937905073397, "expert": 0.01915649084521282, "random": 0.1663497186474474}, -0.3102905080518064]], "2.0": [[{"ours": 0.8737440182178822, "expert": 0.064152683256367, "random": 0.062103298525750805}, -0.3110819925332857]], "2.5": [[{"ours": 0.9245359328754903, "expert": 0.07546406712450973, "random": 0.0}, -0.3145402568239848]], "3.0": [[{"ours": 0.938796208738593, "expert": 0.06118630017909148, "random": 1.7491082315523876e-05}, -0.32254222152339235]]}, "10.0*10.0*5 pieces in a row wins.": {"0.5": [[{"ours": 0.5319889816619536, "expert": 0.03123915447011638, "random": 0.43677186386793}, -0.4197021297594437]], "1.0": [[{"ours": 0.6593808754628728, "expert": 0.04724543682296683, "random": 0.2933736877141604}, -0.38907308470963614]], "1.5": [[{"ours": 0.749768962020804, "expert": 0.08367498142897335, "random": 0.16655605655022265}, -0.3750251766848141]], "2.0": [[{"ours": 0.8034661506473614, "expert": 0.14968660749452667, "random": 0.046847241858111954}, -0.37144721659258956]], "2.5": [[{"ours": 0.8261483719518312, "expert": 0.17385162804816875, "random": 0.0}, -0.3742975758387981]], "3.0": [[{"ours": 0.8277155657351729, "expert": 0.17228443426482712, "random": 0.0}, -0.38263399393015224]]}, "10.0*10.0*Each player needs 5 pieces in a row to win. The first player cannot win by making a diagonal row (only horizontal and vertical rows count), but the second player does not have this restriction.": {"0.5": [[{"ours": 0.48848579772111905, "expert": 0.025731201381943604, "random": 0.4857830008969374}, -0.36979799428770327]], "1.0": [[{"ours": 0.5837083551640468, "expert": 0.0, "random": 0.41629164483595316}, -0.35672382901243127]], "1.5": [[{"ours": 0.6869463721083638, "expert": 2.7755575615628914e-17, "random": 0.31305362789163615}, -0.3382447986837069]], "2.0": [[{"ours": 0.7676295875807301, "expert": 1.0492968180226528e-16, "random": 0.2323704124192698}, -0.33321233944261125]], "2.5": [[{"ours": 0.8342725488843199, "expert": 0.0, "random": 0.1657274511156801}, -0.33797711716115564]], "3.0": [[{"ours": 0.8991681069835356, "expert": 1.0879125020922179e-16, "random": 0.10083189301646434}, -0.3456327869767455]]}, "3.0*10.0*3 pieces in a row wins.": {"0.5": [[{"ours": 0.6749705812564767, "expert": 0.010027600688452347, "random": 0.315001818055071}, -0.18465645406038853]], "1.0": [[{"ours": 0.6992019816847641, "expert": 0.029641348991156436, "random": 0.27115666932407945}, -0.18661728413838666]], "1.5": [[{"ours": 0.7962804641226995, "expert": 0.02805077820455242, "random": 0.17566875767274814}, -0.16819445727320684]], "2.0": [[{"ours": 0.8969114167579664, "expert": 0.03249359519539822, "random": 0.07059498804663544}, -0.15230081862508413]], "2.5": [[{"ours": 0.9723417461878515, "expert": 0.027658253812148474, "random": 0.0}, -0.14726132739939185]], "3.0": [[{"ours": 0.9836402915331828, "expert": 0.01635970846681712, "random": 1.1102230246251565e-16}, -0.15622682959369472]]}, "3.0*3.0*3 pieces in a row loses.": {"0.5": [[{"ours": 0.0, "expert": 0.022373094751128166, "random": 0.9776269052488719}, -0.04839011785872587]], "1.0": [[{"ours": 1.463672932855431e-18, "expert": 0.02079540851074495, "random": 0.9792045914892551}, -0.048450677108330786]], "1.5": [[{"ours": 1.7583090089659134e-17, "expert": 0.01925145000040376, "random": 0.9807485499995963}, -0.04851720111658733]], "2.0": [[{"ours": 4.643597764128977e-18, "expert": 0.017576010115943456, "random": 0.9824239898840565}, -0.04858331667805698]], "2.5": [[{"ours": 5.700732530075495e-18, "expert": 0.014298456014709315, "random": 0.9857015439852906}, -0.048634970849663006]], "3.0": [[{"ours": 0.0, "expert": 0.010365450826879747, "random": 0.9896345491731202}, -0.04866847336509592]]}, "3.0*3.0*3 pieces in a row wins.": {"0.5": [[{"ours": 0.2637861966624177, "expert": 0.22371513330358672, "random": 0.5124986700339955}, -0.022954464059318773]], "1.0": [[{"ours": 0.2972179004737666, "expert": 0.23404575504803354, "random": 0.4687363444781998}, -0.02201041109682652]], "1.5": [[{"ours": 0.34845242514818187, "expert": 0.23184857230303788, "random": 0.41969900254878023}, -0.020765002269006884]], "2.0": [[{"ours": 0.3888239649574001, "expert": 0.2358211576814998, "random": 0.37535487736110007}, -0.020491364598725602]], "2.5": [[{"ours": 0.4218642494611792, "expert": 0.24359145020598888, "random": 0.3345443003328319}, -0.020801408324887652]], "3.0": [[{"ours": 0.4526659347351571, "expert": 0.25144311859607815, "random": 0.2958909466687647}, -0.021296523518865716]]}, "4.0*4.0*3 pieces in a row loses.": {"0.5": [[{"ours": 0.026532459680567, "expert": 0.021120405994718157, "random": 0.9523471343247149}, -0.0731033981115045]], "1.0": [[{"ours": 0.0, "expert": 0.03890115501667964, "random": 0.9610988449833203}, -0.07305693379252044]], "1.5": [[{"ours": 6.121899343634062e-18, "expert": 0.04740789818976192, "random": 0.9525921018102381}, -0.07270755885392302]], "2.0": [[{"ours": 0.0, "expert": 0.05544031159348226, "random": 0.9445596884065177}, -0.07249105905110713]], "2.5": [[{"ours": 7.914675859144182e-18, "expert": 0.06186674845531176, "random": 0.9381332515446882}, -0.07248813408738372]], "3.0": [[{"ours": 7.02633953550292e-18, "expert": 0.06584142170761086, "random": 0.9341585782923891}, -0.07266310745690277]]}, "4.0*4.0*3 pieces in a row wins. However, a player cannot win by making a diagonal row. Only horizontal and vertical rows count.": {"0.5": [[{"ours": 0.3799609546337851, "expert": 0.0, "random": 0.6200390453662149}, -0.08656930271780394]], "1.0": [[{"ours": 0.4560216571275723, "expert": 2.3238464158120153e-18, "random": 0.5439783428724276}, -0.08251873773699665]], "1.5": [[{"ours": 0.550899270583056, "expert": 0.009742029355487472, "random": 0.4393587000614565}, -0.07896379927131052]], "2.0": [[{"ours": 0.6628632599939991, "expert": 0.019161686576645635, "random": 0.3179750534293553}, -0.07714610872803997]], "2.5": [[{"ours": 0.7785123886206956, "expert": 0.029176646598311276, "random": 0.19231096478099308}, -0.07704464830276535]], "3.0": [[{"ours": 0.8974506506046114, "expert": 0.036725668926168575, "random": 0.06582368046922005}, -0.07779860147295888]]}, "4.0*9.0*4 pieces in a row wins.": {"0.5": [[{"ours": 0.5130794135850506, "expert": 0.0, "random": 0.4869205864149494}, -0.23449732163312362]], "1.0": [[{"ours": 0.6287194713913062, "expert": 4.695423543306529e-17, "random": 0.37128052860869376}, -0.19895050523492575]], "1.5": [[{"ours": 0.7303615480673479, "expert": 9.896222727664231e-18, "random": 0.2696384519326521}, -0.1742133296778174]], "2.0": [[{"ours": 0.8228820558117662, "expert": 9.635811839296132e-18, "random": 0.1771179441882338}, -0.1603452000408874]], "2.5": [[{"ours": 0.8965174482530585, "expert": 4.167432655411124e-18, "random": 0.10348255174694154}, -0.15675937339657356]], "3.0": [[{"ours": 0.9500844261790332, "expert": 0.00790013506406955, "random": 0.04201543875689728}, -0.1597797116084941]]},